idiom,meaning,language,domain,register,slovene_translation
"A bad break","a misfortune - a serious bone fracture",en,,,"nesreča/ resen zlom kosti"
"A bad hair day","a day on which everything seems to go wrong",en,,,"slab dan"
"A bad workman always blames his tools","a proverb that suggests a poor worker blames others for failure",en,,,"Slab delavec krivi orodje."
"A big ask","a favour that is difficult to ask",en,,,"velika prošnja / težka zahteva"
"A bigger bang for your buck","better value for your money",en,,,"več za svoj denar"
"A bird in the hand is worth two in the bush","better a certain advantage than a risky one",en,,,"Bolje vrabec v roki kot golob na strehi."
"A bite to eat","a small quick meal",en,,,"nekaj malega za pojest"
"A blessing in disguise","an apparent misfortune that turns out beneficial",en,,,"prikrita korist"
"A bull and cow","cockney slang for a row or argument",en,,,"prepir / spor"
"A bunch of fives","a fist",en,,,"pest"
"A chip on your shoulder","feeling of inferiority with quick offence",en,,,"kompleks manjvrednosti / občutljiv na kritiko"
"A diamond in the rough","someone with good qualities but unpolished",en,,,"diamant v surovem stanju / nebrušen talent"
"A dime a dozen","something very common",en,,,"kot listja in trave / zelo pogost"
"A doubting Thomas","a sceptic who needs proof",en,,,"nezaupljivi skeptik"
"A drop in the bucket","a very small part of a whole",en,,,"kaplja v morje"
"A fate worse than death","something extremely terrible",en,,,"usoda hujša od smrti"
"A feather in one's cap","a symbol of achievement",en,,,"dosežek / nekaj na kar si ponosen"
"A fish out of water","someone in an unfamiliar situation",en,,,"kot riba na suhem"
"A flash in the pan","something that fails after early success",en,,,"kratek uspeh / kratkotrajna slava"
"A fly in the ointment","a small flaw that spoils everything",en,,,"muha v mazilu / manjša napaka ki pokvari celoto"
"A fly on the wall","an unperceived observer - able to see and hear but not be seen or heard. 2 - a form of cinema in which events are recorded without direction",en,,,"nevidni opazovalec / opazovanje brez poseganja"
"A fool and his money are soon parted","a foolish person is very likely to lose his money",en,,,"nespametna oseba hitro izgubi denar"
"A fool's paradise","a state of euphoria with no basis in reality",en,,,"nerealno zadovoljstvo / lažna sreča"
"A foot in the door","an initial inroad that may lead to greater influence in future",en,,,"prvi korak / vstopna priložnost"
"A golden key can open any door","money always has a telling influence",en,,,"denar odpira vrata"
"A hot potato","a current issue which many people are talking about and which is controversial",en,,,"vroča tema / občutljivo vprašanje"
"A house divided against itself cannot stand","failure is certain if those on the same side argue amongst themselves",en,,,"razdeljena hiša ne more obstati / notranji spor vodi v propad"
"A knight in shining armour","a person who comes to the aid of another when other hopes have faded",en,,,"rešitelj / rešiteljica"
"A leopard can't change his spots","you cannot change your innate self",en,,,"človek se ne spremeni / narave ne moreš spremeniti"
"A little bird told me","i was told by an undisclosed source",en,,,"ptiček mi je povedal"
"A load of cobblers","nonsense",en,,,"nesmisel / bedarija"
"A lot on your plate","having many responsibilities",en,,,"veliko obveznosti"
"A man after my own heart","a kindred spirit - someone who thinks like me",en,,,"sorodna duša / nekdo po mojem okusu"
"A miss is as good as a mile","some endeavours either succeed or they don't - to miss narrowly is still failure",en,,,"če zgrešiš, je to še vedno neuspeh / tesen poraz"
"A penny for your thoughts","a way of asking what someone is thinking",en,,,"kaj razmišljaš?"
"A penny saved is a penny earned","anything you save has the same effect as adding to your income",en,,,"kar prihraniš, je kot zaslužek"
"A picture paints a thousand words","pictures are far more descriptive than words",en,,,"Slike povedo več kot besede"
"A piece of cake","a task that can be accomplished very easily",en,,,"Zelo lahko / zelo enostavno"
"A pig in a poke","a commodity that is bought without first examining it",en,,,"Kupiti nekaj brez pregleda / nakup na slepo"
"A place in the sun","an idealistic dream of a sunny hideaway",en,,,"Idealno mesto / boljše življenje"
"A red rag to a bull","a deliberate provocation",en,,,"Provokacija"
"A safe pair of hands","a reliable person - who can be trusted not to fail in a task",en,,,"Zanesljiva oseba"
"A sea change","a radical change",en,,,"Korenita sprememba"
"A sight for sore eyes","a welcome sight that you weren't expecting",en,,,"Prijeten pogled / nekaj kar razveseli"
"A skeleton in the closet","a secret and possibly ruinous source of shame",en,,,"Skrivnost ki povzroča sram"
"A shot in the arm","a boost or encouragement",en,,,"Spodbuda / zagon"
"A slap on the wrist","a mild rebuke - often given when a more severe punishment might be expected",en,,,"Blaga kazen / blag opomin"
"A sledgehammer to crack a nut","the use of excessive resources to overcome a small problem",en,,,"Pretirana uporaba sredstev za majhen problem"
"A sorry sight","something sadly neglected - a person or thing of untidy appearance",en,,,"Zanemarjen prizor / nekaj zapuščenega"
"A stitch in time saves nine","a small effort made at the right time might save a calamity later on",en,,,"Pravočasno ukrepanje prepreči večjo škodo"
"A stone's throw","a short distance",en,,,"Na kratki razdalji"
"A taste of your own medicine","mistreatment you receive in retaliation to that you gave to others",en,,,"Vračilo istega ravnanja"
"A thorn in my flesh","a persistent and difficult to ignore annoyance",en,,,"Stalna nadloga"
"A toss up","the flip of a coin to decide on something - a result - usually between two courses of action - which is uncertain and could go either way",en,,,"Neodločena izbira / negotov izid"
"A wolf in sheep's clothing","someone who uses the pretence of kindliness to disguise their evil intent",en,,,"Nekdo ki se predstavlja kot dobrohoten a skriva slabe namene"
"About face","a military command to turn when on parade - a change from one's previous position",en,,,"Sprememba stališča / obrat smeri"
"About time","almost time - high time",en,,,"Že zdavnaj bi moralo biti"
"Absence makes the heart grow fonder","our feelings for people and things grows when we are apart from them",en,,,"Odsotnost okrepi čustva"
"Abso-bloody-lutely","a more emphatic version of 'absolutely'",en,,,"Popolnoma / absolutno"
"Ace in the hole","a saved - hidden advantage that can supply a victory when revealed",en,,,"Skrita prednost"
"Achilles' heel","a fatal weakness in an otherwise strong person or thing",en,,,"Šibka točka"
"Across the board","applying everywhere and to all classes of thing",en,,,"Na vseh področjih"
"Act your age","behave in a manner appropriate to your stage in life",en,,,"Obnašaj se primerno svoji starosti"
"Actions speak louder than words","actions show one's character more than what you say",en,,,"Dejanja govorijo glasneje kot besede"
"Adam's ale","a reference to water - often used to emphasize the purity of water compared to other drinks",en,,,"Voda"
"Add fuel to the fire","make a bad situation even worse than it is",en,,,"Še poslabšati situacijo"
"Add insult to injury","to further a loss - to make a bad situation worse",en,,,"Še dodatno poslabšati že slabo situacijo"
"Against the clock","in a great hurry to complete something before a set deadline",en,,,"V časovni stiski / proti času"
"Ain't my first rodeo","said by someone who has experience of a situation",en,,,"To mi ni prvič / imam izkušnje"
"Al fresco","in the open air",en,,,"Na prostem"
"Al desko","eating one's lunch while still working",en,,,"Jesti obrok med delom / jesti med delom"
"All at sea","in a confused - disordered state",en,,,"V zmedi / zmeden"
"All kidding aside","said when you want people to realise you are speaking seriously - when they might otherwise think you were joking",en,,,"Resno povedano"
"All bark and no bite","having lots to say but not willing to engage in a fight",en,,,"Veliko govorjenja brez dejanj"
"All Greek to me","incomprehensible - as greek is to someone who cannot speak it",en,,,"Nerazumljivo"
"All in all","on the whole - when everything is considered",en,,,"Na splošno"
"All in a day's work","typical - a normal set of circumstances",en,,,"Nekaj običajnega"
"All set","ready to go",en,,,"Pripravljen"
"All the way","referring to something that is done fully - especially as a euphemism for full sexual activity",en,,,"Popolnoma / do konca"
"All thumbs","clumsy or physically inept",en,,,"Neroden"
"All to cock","ruined or shambolic",en,,,"Pokvarjeno / zmedeno"
"All together now","invitation to join in communal singing",en,,,"Vsi skupaj / pridružite se"
"Alley cat","a cat that lives wild in a town - slang term for a prostitute",en,,,"Potepuška mačka / slabšalno za osebo"
"Alpha Mom","an ambitious mother who aims to excel at work while raising children",en,,,"Ambiciozna mama"
"Alphabet soup","a jumble of words or letters - often referring to organisations known by their initials - like cia or bbc",en,,,"Zmeda kratic / kup inicialk"
"Amber nectar","a slang term for lager",en,,,"Pivo"
"Amped up","excited and ready for action",en,,,"Navdušen / poln energije"
"An act of God","some event that is considered to be outside human control - commonly used in insurance policies to refer to events that the insured cannot be held responsible for",en,,,"Dogodek zunaj človeškega nadzora"
"An arm and a leg","very expensive - a large amount of money",en,,,"Zelo drago"
"An axe to grind","a dispute with someone",en,,,"Spor z nekom"
"An open and shut case","a straightforward legal case in which the outcome is clear",en,,,"Jasna pravna zadeva z očitnim izidom"
"Ankle biter","a slang term for small child",en,,,"Majhen otrok / šaljiv izraz za otroka"
"Apples and pears","cockney rhyming slang for stairs",en,,,"Stopnice"
"As high as a kite","very high up in the sky - high on drugs or excitement",en,,,"Zelo visoko / omamljen ali zelo vzhičen"
"At the drop of a hat","with no delay",en,,,"Takoj / brez odlašanja"
"Away with the fairies","not facing reality - in a dream world",en,,,"V oblakih / v svojem svetu"
"Baby brain","confusion or forgetfulness caused by lack of sleep when caring for a new-born",en,,,"Pozabljivost zaradi pomanjkanja spanja"
"Baby bump","the protruding belly of a pregnant woman - also used to describe the unborn child itself",en,,,"Nosečniški trebušček"
"Baby snatcher","someone who enters into an amorous relationship with a much younger person",en,,,"Oseba v razmerju z veliko mlajšo osebo"
"Back seat driver","someone who criticizes from the side-lines without being directly involved",en,,,"Nekdo ki kritizira brez neposredne vpletenosti"
"Back to square one","back to the beginning",en,,,"Nazaj na začetek"
"Back to the drawing board","said when a plan fails and it's time to start again and make a new plan",en,,,"Na novo začeti zaradi neuspelega načrta"
"Bag lady","a homeless woman - who carries all her possessions in shopping bags",en,,,"Brezdomka z vsemi stvarmi pri sebi"
"Baker's dozen","thirteen",en,,,"Trinajst"
"Barking up the wrong tree","responding to something which isn't the important issue",en,,,"Napačno usmerjanje / iskanje krivca na napačnem mestu"
"Barnet Fair","cockney rhyming slang for hair",en,,,"Cockney rima za lase / izraz za lase"
"Basket case","a person or thing that is no longer able to function effectively - either through disability or misfortune",en,,,"Opisuje osebo ali stvar ki ne more več normalno delovati"
"Bat from the pavilion end","slang term for a homosexuality",en,,,"Slengovski izraz za homoseksualnost"
"Be a sport","be generous and/or sportsmanlike",en,,,"Biti fer / izkazati športno držo"
"Be glad to see the back of","be happy when a person leaves or when an unpleasant situation is ended",en,,,"Biti vesel ob odhodu nekoga ali koncu neprijetne situacije"
"Beach bum","someone - usually a youngster - who spends all their time hanging out at the beach surfing and partying",en,,,"Oseba ki ves čas preživlja na plaži in živi brezskrbno"
"Bean counter","a disparaging term for an accountant or anyone who compiles statistics",en,,,"Poniževalen izraz za računovodjo ali statistika"
"Beat around the bush","avoiding the main topic",en,,,"Izogibanje bistvu / zavlačevanje"
"Beauty contest / Beauty parade","a political contest in which the result is influenced by personality and image more than by policy",en,,,"Politično tekmovanje kjer videz in podoba prevladujeta nad vsebino"
"Bedroom tax","slang term for uk's removal of spare room subsidy",en,,,"UK izraz za zmanjšanje subvencije za dodatno spalnico"
"Bells and whistles","attractive additional features or trimmings",en,,,"Dodatne funkcije ali okraski"
"Bend over backwards","make extravagant efforts to avoid bias",en,,,"Zelo se potruditi / narediti vse mogoče"
"Between a rock and a hard place","between two unwelcome options",en,,,"Med dvema slabima možnostma"
"Between the wars","the period between wwi and wwii",en,,,"Obdobje med prvo in drugo svetovno vojno"
"Beyond price","to be so prized and valuable as to not be obtainable by money",en,,,"Neizmerno dragoceno"
"Big fish in a small pond","an important person but only so within a small area of influence",en,,,"Pomembna oseba v omejenem okolju"
"Binge watch","watch multiple episodes of a television programme in succession",en,,,"Gledati več epizod zapored"
"Bitch slap","an open-handed slap in the face intended to be humiliating",en,,,"Poniževalna klofuta"
"Bite off more than you can chew","take on a task that is more than one can manage",en,,,"Prevzeti preveč nalog / preseči lastne zmožnosti"
"Bite the dust","die - especially in a violent or sudden way",en,,,"Umreti (pogosto nenadno ali nasilno)"
"Bite your tongue","avoid speaking",en,,,"Zadržati mnenje / molčati"
"Blood blister","cockney rhyming slang for sister",en,,,"Cockney rima za besedo \"sister\""
"Blood is thicker than water","family loyalties are stronger than those to other people",en,,,"Družinska vez je močnejša od drugih odnosov"
"Blow a raspberry","cockney rhyming slang for fart",en,,,"Cockney rima za \"prdec\""
"Blue plate special","a set meal provided at a reduced price",en,,,"Obrok po znižani ceni"
"Boat race","cockney rhyming slang for face",en,,,"Cockney rima za \"face\""
"Bottle and glass","cockney rhyming slang for arse",en,,,"Cockney rima za zadnjico"
"Bought the farm","died - especially in a violent way which may give rise to an insurance claim",en,,,"Umreti (pogosto v nesreči ali nasilno)"
"Brahms and Lizst","cockney rhyming slang for pissed",en,,,"Cockney rima za pijan"
"Brass monkey weather","extremely cold weather - the full expression is 'cold enough to freeze the balls off a brass monkey'",en,,,"Zelo mrzlo vreme"
"Brass tacks","cockney rhyming slang for facts",en,,,"Cockney rima za dejstva"
"Break a leg","a superstitious way to wish 'good luck' to an actor before a performance while avoiding saying 'good luck' out loud - which is considered unlucky",en,,,"Običaj za zaželenje sreče igralcu brez izreka \"sreča\""
"Breast is best","slogan of breastfeeding campaign",en,,,"Slogan kampanje za spodbujanje dojenja"
"Bricks and mortar","cockney rhyming slang for daughter",en,,,"Cockney rima za besedo \"daughter\""
"Brighton Pier","cockney rhyming slang for queer",en,,,"Cockney rima za besedo \"queer\""
"Bring your A game","perform to the best of your ability",en,,,"Delovati / nastopiti z največjim trudom in sposobnostjo"
"Brown bread","cockney rhyming slang for dead",en,,,"Cockney rima za besedo \"dead\""
"Brown out","a partial failure of the electricity supply - the exposing of one's buttocks in public",en,,,"Delni izpad elektrike / razgaljanje zadnjice v javnosti"
"Brum brum","child's play idiom expressing the sound of a vehicle",en,,,"Posnemanje zvoka vozila (otroška igra)"
"Bucket list","a list of things you plan to do before you 'kick the bucket' - often a list of fanciful ideas rather than of concrete plans",en,,,"Seznam stvari ki jih želiš narediti v življenju"
"Burn the midnight oil","to work late into the night",en,,,"Delati pozno v noč"
"Bust a move","dance in a stylish way",en,,,"Zaplesati / pokazati gibanje na plesišču"
"Buy a lemon","waste money by purchasing a car that is frequently faulty",en,,,"Kupiti pokvarjen izdelek (pogosto avto)"
"Calendar year","twelve months beginning from the first of january",en,,,"Obdobje 12 mesecev od 1. januarja"
"Can't cut the mustard","unable to meet the demands put upon you",en,,,"Ne izpolnjuje zahtev"
"Canteen culture","boorish behaviour by rank and file police or soldiers",en,,,"Kultura grobega ali neprimernega vedenja v organizaciji"
"Carbon footprint","a measure of the amount of carbon dioxide emitted during an industrial or domestic process",en,,,"Mera izpustov ogljikovega dioksida"
"Carpe diem","latin expression meaning seize the day",en,,,"Izkoristi dan"
"Cast iron stomach","said to be possessed by someone who is able to eat anything with no ill effects",en,,,"Oseba ki lahko poje karkoli brez težav"
"Cat got your tongue?","a question addressed to someone who is inexplicably silent - the implication is that the person's tongue is missing",en,,,"Vprašanje nekomu ki molči brez razloga"
"Caught between two stools","finding it difficult to choose between two alternatives",en,,,"Težko se odločiti med dvema možnostma"
"Caught by the short hairs (or short and curlies)","trapped by an opponent in a situation you can't escape",en,,,"Ujet v situaciji brez izhoda"
"Chaise Lounge","the american spelling for the piece of furniture known elsewhere as a chaise longue",en,,,"Ameriški zapis za ležalni stol / počivalnik"
"Charley horse","stiffness or cramp in the arm or leg",en,,,"Mišični krč v roki ali nogi"
"Chasing tail","of a man pursuing women",en,,,"Moški ki zapeljuje več žensk"
"Cheek by jowl","side by side - close together",en,,,"Tesno skupaj / drug ob drugem"
"Chicken feed","something of little importance - especially a small sum of money",en,,,"Nepomemben znesek / drobiž"
"Cherry ripe","cockney rhyming slang for pipe",en,,,"Cockney rima za besedo \"pipe\""
"Chew someone out","verbally scold someone",en,,,"Ostro nekoga okarati"
"Children should be seen and not heard","old proverb suggesting that children should not impinge on the adult world",en,,,"Otroci naj ne motijo odraslih"
"China plate","cockney rhyming slang for mate",en,,,"Cockney rima za besedo \"mate\""
"Chow down","begin to eat",en,,,"Začeti jesti"
"City bike","a bicycle designing especially for urban riding",en,,,"Mestno kolo"
"Click bait","an eye catching word or image on a website",en,,,"Spletna vsebina z namenom privabljanja klikov"
"Close but no cigar","very near to success but falling short",en,,,"Skoraj uspeh a ne povsem"
"Cloud cuckoo land","an imaginary idealistic state where everything is perfect - it is usually used with reference to someone who has an overly optimistic and unrealistic belief",en,,,"Nerealno idealiziran svet"
"Cock and bull story","an unbelievable tale",en,,,"Neverjetna / izmišljena zgodba"
"Code monkey","slang term for a computer programmer",en,,,"Poniževalen izraz za programerja"
"Come hell or high water","despite any great difficult or obstacle",en,,,"Ne glede na težave"
"Comfort women","women forced into sexual slavery by the japanese in wwii",en,,,"Ženske prisiljene v spolno suženjstvo med drugo svetovno vojno"
"Company man","a worker especially loyal to the employer he works for",en,,,"Zaposleni zelo lojalen podjetju"
"Cop an attitude","adopt an aggressive stance",en,,,"Prevzeti agresiven ali izzivalen odnos"
"Corduroy road","a road that is ridged and furrowed like the fabric",en,,,"Cesta z izboklinami in vdolbinami podobna tkanini"
"Country house hotel","an upmarket hotel located in a revamped rural mansion",en,,,"Hotel v obnovljenem podeželskem dvorcu na podeželju"
"Crack someone up","make someone laugh",en,,,"Nasmejati nekoga"
"Cream crackered","cockney rhyming slang for knackered",en,,,"Zelo utrujen / povsem izčrpan"
"Cross that bridge when you come to it","deal with a problem if and when it becomes necessary - not before",en,,,"Reševati problem ko se pojavi"
"Cross your fingers","to hope that something happens",en,,,"Upati na dober izid"
"Crunch time","the period of time just before a project has to be completed",en,,,"Čas največjega pritiska pred zaključkom projekta"
"Cry wolf","intentionally raise a false alarm",en,,,"Lažno alarmirati"
"Curiosity killed the cat","being inquisitive can lead you into a dangerous situation",en,,,"Pretirana radovednost je lahko nevarna"
"Currant bun","cockney rhyming slang for sun",en,,,"Cockney rima za besedo \"sun\""
"Cut corners","doing things in a slipshod way - to avoid expense or effort",en,,,"Delati površno / varčevati na račun kakovosti"
"Cut to the chase","leave out all the unnecessary details and get straight to the point",en,,,"Preiti naravnost k bistvu"
"Daily grind","the dull daily routine",en,,,"Vsakdanja rutina / monotono delo"
"Daisy roots","cockney rhyming slang for boots",en,,,"Cockney rima za besedo \"boots\""
"Date rape","the rape by a man of his partner on a date",en,,,"Posilstvo v okviru zmenka"
"Day surgery","minor surgery that does not require the patient to stay in hospital overnight",en,,,"Ambulantni kirurški poseg"
"Daylight saving time","the adjustment of clocks to provide longer evening daylight",en,,,"Premik ure za podaljšanje dnevne svetlobe"
"Dead ringer","an exact duplicate",en,,,"Popolna kopija / identična oseba ali stvar"
"Dead white European male","derogatory reference to someone who has an unjustified reputation",en,,,"Poniževalen izraz za privilegirano ali precenjeno osebo"
"Designated driver","someone who agrees not to drink alcohol at a social event in order to be sober enough to drive others home",en,,,"Oseba ki se odpove alkoholu da lahko varno vozi druge"
"Dial down","adjust a device to reduce sound or temperature - reduce one's emotional reaction to something",en,,,"Zmanjšati intenzivnost / umiriti reakcijo"
"Dicky Dirt","cockney rhyming slang for shirt",en,,,"Cockney rima za besedo \"shirt\""
"Discussing Uganda","euphemism for sex",en,,,"Evfemizem za spolni odnos"
"Dog and bone","cockney rhyming slang for telephone",en,,,"Cockney rima za besedo \"telephone\""
"Dog days of summer","the hottest days of the summer season",en,,,"Najbolj vroči poletni dnevi"
"Donkey's years","cockney rhyming slang for ears - a very long time",en,,,"Zelo dolgo časa"
"Don't bite the hand that feeds you","don't hurt someone that helps you",en,,,"Ne škodi tistemu ki ti pomaga"
"Don't count your chickens before they hatch","don't count on receiving some benefit until you actually have it",en,,,"Ne računaj na nekaj dokler se ne zgodi"
"Don't cry over spilt milk","don't fret pointlessly about some mistake or loss when it can't be remedied",en,,,"Ne obžaluj stvari ki jih ne moreš popraviti"
"Don't give up the day job","said to someone who is a poor performer at a task - suggesting that they wouldn't be able to succeed at it professionally",en,,,"Ironična pripomba da nekdo ni posebej dober v nečem"
"Don't look a gift horse in the mouth","when you receive a gift accept it with good grace and don't find fault with it",en,,,"Darila ne kritiziraj"
"Don't put all your eggs in one basket","don't risk all your property on a single venture",en,,,"Ne tvegaj vsega na eni stvari"
"Double denim","denim jeans worn with a denim shirt or jacket",en,,,"Oblačenje jeansa z jeansom"
"Double header","a sports expression denoting two events held at the same time",en,,,"Dve tekmi ali dogodka zapored / hkratni športni dogodek"
"Down to the wire","not decided until the very last minute",en,,,"Odločeno v zadnjem trenutku"
"Dressed to the nines","very smartly dressed - in one's best clothes",en,,,"Oblečen zelo elegantno"
"Drink like a fish","drink very heavily",en,,,"Močno in pogosto piti alkohol"
"Drive someone up the wall","irritate or annoy very much",en,,,"Zelo razjeziti / zelo motiti"
"Dropping like flies","many people either falling ill or dying",en,,,"Veliko ljudi zboleva ali umira"
"Dry run","a rehearsal",en,,,"Vaja / poskusna izvedba"
"Duvet day","a work day which an employee is allowed to spend at home relaxing",en,,,"Plačani prosti dan za počitek"
"Ear popping","sound that is loud or that catches the attention",en,,,"Zvok ki močno izstopa ali pritegne pozornost"
"Easy-peasy","something that is extremely easy - often used by children - sometimes used by adults to demote an achievement that was accomplished with little apparent effort",en,,,"Zelo enostavno"
"Eighty six","referring to an item on a menu that is no longer available",en,,,"Izločiti / ni več na voljo"
"Elbow grease","energetic labour - especially in the polishing of household items",en,,,"Trdo fizično delo / močan napor"
"Elephant's trunk","cockney rhyming slang for drunk",en,,,"Cockney rima za \"drunk\""
"Elvis has left the building","the primary performer has left - there's no point waiting around",en,,,"Nima smisla čakati / konec nastopa"
"Enhanced interrogation techniques","euphemism for torture",en,,,"Evfemizem za mučenje"
"Ethnic cleansing","the singling out and killing of a specific ethnic group",en,,,"Nasilno preganjanje ali uničevanje etnične skupine"
"Every cloud has a silver lining","an encouragement to be optimistic - even bad events have a good side to them",en,,,"Vsaka slaba stvar ima lahko pozitivno plat"
"Everything but the kitchen sink","everything imaginable",en,,,"Skoraj vse / vse mogoče"
"Evil twin","an imaginary double - humorously referred to in order to explain the uncharacteristic bad behaviour of a normally moral person - usually used light-heartedly - the expression formed as an allusion to plots in films involving actual evil twins",en,,,"Izmišljeni dvojnik ki pojasni nenavadno slabo vedenje"
"Excuse my French","please forgive me for swearing",en,,,"Oprostite za grob izraz / opravičilo za psovke"
"Eyebrow raising","something that creates shock or surprise",en,,,"Presenetljivo / šokantno"
"Face card","the jack queen or king in a set of playing cards",en,,,"Kralj dana ali fant v kartah"
"Face the music","accept he unwelcome consequences of one's own actions",en,,,"Soočiti se s posledicami"
"Factory farming","rearing livestock under industrial conditions",en,,,"Industrijska reja živali"
"Fairytale ending","a happy simplistic ending to a story similar to those found in fairy tales",en,,,"Srečen konec"
"Far cry from","very different from",en,,,"Zelo drugačen od"
"Feeding frenzy","a frantic competition or exploitation - like a group shark attack",en,,,"Divja tekmovalnost / agresivno izkoriščanje"
"Fell off the back of a lorry","a coy reference to an item that has been stolen",en,,,"Namig na ukradeno blago"
"Field day","a day noted for remarkable or exciting events",en,,,"Dan poln dogajanja / velika priložnost"
"Fiddlesticks","an exclamation meaning nonsense - rubbish - an indication of mild annoyance",en,,,"Nesmisel / izraz blagega razočaranja"
"Find your feet","to become conscious of and develop one's expertise",en,,,"Najti svojo rutino / pridobiti samozavest v novem okolju"
"Fire the imagination","inspire with enthusiasm",en,,,"Navdihniti"
"First among equals","the most senior person in a group of equal rank",en,,,"Najvplivnejši član med enakimi"
"First footing","making a round of visits at new year",en,,,"Novoletno obiskovanje prijateljev in družine"
"First World problem","a relatively trivial problem only affecting the affluent",en,,,"Nepomembna težava privilegiranih"
"First World","the industrialised affluent and wealthy nations",en,,,"Razvite industrijske države"
"Fixed in your ways","unwilling to change from your habitual way of doing things",en,,,"Nespremenljiv v navadah"
"Flea market","a market used to buy and sell inexpensive goods - the kind of place that might sell carpets infested with fleas",en,,,"Tržnica z rabljenim in poceni blagom"
"Flea pit","a downmarket cinema - allegedly verminous",en,,,"Poceni ali zanemarjen kino"
"Flesh and blood","1 - one's family - 2 - the bodily stuff we are made of",en,,,"Družina / telesna snov"
"Flip the bird","to aggressively raise your middle finger at someone as a sign of displeasure",en,,,"Pokazati sredinec"
"Flog a dead horse","to attempt to make progress with something that has no future",en,,,"Vztrajati pri nečem brez prihodnosti"
"Flotsam and jetsam","assorted bits and pieces of rubbish - especially items that are found in the sea",en,,,"Različni ostanki / naplavine"
"Foam at the mouth","to show vehement rage",en,,,"Biti zelo jezen"
"Food fight","chaotic collective behaviour where items of food are thrown about wildly",en,,,"Kaotično metanje hrane"
"Fools' gold","something that appears valuable but really isn't - like iron pyrites - a worthless mineral that resembles gold",en,,,"Nekaj kar se zdi dragoceno a ni"
"Frock up","wear a smart or formal dress for a special occasion",en,,,"Obleči se svečano"
"Frog and toad","cockney rhyming slang for road",en,,,"Cockney rima za \"road\""
"Fuddy-duddy","an old-fashioned and foolish type of person",en,,,"Staromodna ali zadrta oseba"
"Full monty","everything possible - the whole thing",en,,,"Vse / celoten paket"
"Full of bull","talking hot air",en,,,"Prazno govorjenje"
"Funny farm","a mental hospital",en,,,"Psihiatrična bolnišnica"
"Gee gee","childish term for a horse",en,,,"Otroški izraz za konja"
"Gender bender","a person who adopts a deliberately androgynous appearance - by use of uni-sex make-up - hair-style and clothing - probably influenced by 'bender' being an earlier slang term for homosexual",en,,,"Oseba z namerno androginim videzom"
"George Raft","cockney rhyming slang for daft",en,,,"Cockney rima za \"daft\""
"Get a gold star","earn a merit point for doing well",en,,,"Prejeti pohvalo za dobro opravljeno delo"
"Get down to brass tacks","concern yourself with the basic and important realities",en,,,"Preiti k bistvu"
"Get off on the wrong foot","make a bad start in a relationship or task",en,,,"Slab začetek"
"Get on board","accept and participate with an idea or project",en,,,"Pridružiti se / podpreti idejo"
"Get out of hand","become chaotic and uncontrollable",en,,,"Uiti nadzoru"
"Get over it","move beyond something that is bothering you",en,,,"Premagati nekaj / nehati se obremenjevati"
"Give him an inch and he'll take a mile","allow someone a small concession and they will take advantage and try to take more",en,,,"Če popustiš malo bo izkoristil še več"
"Give the benefit of the doubt","decide to believe a statement which isn't proven",en,,,"Verjeti nepreverjeni trditvi"
"Give the slip","to get away from - to escape",en,,,"Umakniti se / pobegniti"
"Glass ceiling","an unacknowledged or unseen discriminatory barrier that prevents women and minorities from rising to positions of power",en,,,"Nevidna ovira za napredovanje"
"Gnat's bollock","a very small unit of measurement",en,,,"Zelo majhna enota / izraz za nekaj drobnega"
"Go ape shit","become excessively agitated and excited",en,,,"Zelo se razjeziti ali razburiti"
"Go belly (or tits) up","become badly and permanently inoperative",en,,,"Propasti / popolnoma odpovedati"
"Go for broke","put every resource into getting a particular result",en,,,"Tvegati vse za cilj"
"Go out on a limb","take a risk to support someone or something",en,,,"Tvegati pri podpori nečesa ali nekoga"
"Go the extra mile","going beyond what is usually required - make an extra effort",en,,,"Narediti več kot se pričakuje"
"Going to hell in a handbasket","deteriorating and headed for complete disaster",en,,,"Hitro propadanje / smer proti katastrofi"
"Good Samaritan","someone who compassionately helps another who is in need",en,,,"Oseba ki nesebično pomaga drugim"
"Graveyard shift","working hours that extend overnight",en,,,"Nočna izmena"
"Greasy spoon","a small cheap cafe selling fried food",en,,,"Poceni gostilna s hitro hrano"
"Great minds think alike","said ironically when two people have matching thoughts",en,,,"Ironično rečeno ko imata dve osebi enake misli"
"Great scot","exclamation of surprise",en,,,"Vzklik presenečenja"
"Gregory Peck","cockney rhyming slang for neck",en,,,"Cockney rima za \"neck\""
"Gut feeling","a personal intuition - based on feeling rather than fact",en,,,"Osebni občutek / intuicija brez dokazov"
"Had a good war","to have been successful during a military campaign",en,,,"Uspešno sodelovati v vojaški kampanji"
"Hair of the dog","an alcoholic drink - intended to cure a hangover - it is mistakenly believed that a small measure of the same drink that made a person drunk will sober them up and cure the drinks ill effects - the expression is also used in other contexts - whenever an additional dose of whatever caused a problem is thought to be an appropriate remedy",en,,,"Pitje alkohola za lajšanje mačka"
"Half inch","cockney rhyming slang for pinch",en,,,"Cockney rima za \"pinch\""
"Happy sad","a bittersweet feeling combining both happiness and sadness",en,,,"Mešanica veselja in žalosti"
"Harry spankers","brand spanking new",en,,,"Popolnoma nov"
"Haste makes waste","doing things in a rush makes for a poor result",en,,,"Naglica povzroča napake"
"Hat trick","a threefold feat in sports or some other activity",en,,,"Trikratni dosežek"
"Have a blast","have an especially good time",en,,,"Zelo uživati / imeti se odlično"
"Have a Captain Cook","cockney rhyming slang for look",en,,,"Cockney rima za \"look\""
"He makes my flesh (or skin) crawl (or creep)","said of someone who the speaker has a deep dislike of",en,,,"Oseba ki povzroča močan občutek nelagodja ali odpora"
"Head over heels","very excited - especially when in love",en,,,"Popolnoma zaljubljen / močno navdušen"
"Hear it on the grapevine","hear rumors about something from an anonymous informal contact",en,,,"Slišati govorice"
"Heebie-jeebies","a state of nervous anxiety or fear",en,,,"Občutek strahu ali nelagodja"
"Hell bent","determined to achieve something at all costs",en,,,"Odločen doseči cilj za vsako ceno"
"Help yourself","invitation to take something freely",en,,,"Postrezi si"
"Hidden in plain sight","something that defies apprehension by being too obvious",en,,,"Skrito na očeh"
"High and mighty","proud and arrogant",en,,,"Vzvišen / ošaben"
"High on the hog","luxurious",en,,,"Živeti razkošno"
"High season","the most popular time to visit a resort or attraction - when prices are highest",en,,,"Vrhunec turistične sezone"
"Hit the books","to study - especially for a test or exam",en,,,"Intenzivno se učiti"
"Hit the nail on the head","make the precise correct point",en,,,"Zadeti bistvo"
"Hit the sack","retire to bed",en,,,"Oditi spat"
"Hobson's choice","a choice forced upon someone - cockney rhyming slang for voice",en,,,"Izbira brez alternative"
"Hocus pocus","a term used to denote magic or trickery",en,,,"Čarovniške besede / prevara"
"Hold your horses","be patient",en,,,"Bodi potrpežljiv"
"Holy shit","an expression of extreme surprise or disbelief",en,,,"Vzklik močnega presenečenja"
"I can't be doing with it","i am unwilling to tolerate it",en,,,"Ne želim prenašati tega"
"I can't think straight","i'm overwhelmed and stressed and it is affecting my ability to think",en,,,"Zaradi stresa ne razmišljam jasno"
"I'm good to go","i am ready to participate",en,,,"Pripravljen sem"
"If it's not one thing - it's another","said after more than one thing goes wrong",en,,,"Težave pridejo ena za drugo"
"In cahoots with","to be in a partnership with - often for unscrupulous purposes",en,,,"Sodelovati v skrivnem ali nepoštenem dogovoru"
"In a nutshell","in a few words - concisely stated",en,,,"Na kratko / jedrnato"
"In like Flynn","to be easily successful - especially concerning sex or romance",en,,,"Uspešno in brez težav doseči cilj"
"In limbo","in an uncertain situation - over which you have no control",en,,,"V negotovem stanju"
"In the bag","something that is secured",en,,,"Zagotovljeno"
"In the buff","naked",en,,,"Gol / brez oblačil"
"In the heat of the moment","in an overwhelming situation - causing you to act rashly",en,,,"V trenutku močnih čustev"
"In the same boat","jointly facing the same predicament",en,,,"V isti težki situaciji"
"In your face","aggressive confrontation",en,,,"Odkrito izzivalno"
"Inside job","a crime committed by or with the help of someone living or working in the place that it took place",en,,,"Kaznivo dejanje s pomočjo notranje osebe"
"It never rains but it pours","when troubles come they often come together",en,,,"Težave pridejo v skupinah"
"It takes two to tango","it takes two people to cause a problem between them",en,,,"Za spor sta potrebni dve strani"
"It's a small world","said when people meet unexpectedly - away from their usual haunts",en,,,"Presenetljivo srečanje znancev"
"It's all gone Pete Tong","cockney rhyming slang for gone wrong",en,,,"Cockney rima za \"gone wrong\""
"It's not rocket science","said of something that isn't complex or difficult to understand",en,,,"Ni zapleteno / lahko razumljivo"
"Ivy league","the joint name given to columbia - brown - cornell - dartmouth - yale - pennsylvania - princeton - and harvard universities",en,,,"Skupina elitnih ameriških univerz"
"Jack Palancing","cockney rhyming slang for dancing",en,,,"Cockney rima za \"dancing\""
"Jam jar","cockney rhyming slang for car",en,,,"Cockney rima za \"car\""
"Jelly belly","an overweight person",en,,,"Oseba s prekomerno telesno težo"
"Jimmy Riddle","cockney rhyming slang for piddle",en,,,"Cockney rima za \"piddle\""
"Joshing me","tricking me",en,,,"Šaliti se / zavajati"
"Jump on the bandwagon","join a popular trend",en,,,"Pridružiti se priljubljenemu trendu"
"Jump the shark","introduce a ridiculous or unbelievable plot device into a tv series in order to boost flagging ratings",en,,,"Točka ko serija izgubi kakovost zaradi absurdnega zapleta"
"Just deserts","the result which is deserved - a reward for what has been done - good or bad",en,,,"Zaslužena posledica / zaslužena nagrada ali kazen"
"Keep an eye on","observe carefully to make sure something bad isn't done",en,,,"Pozorno spremljati in nadzorovati"
"Keep at bay","keep something away",en,,,"Odganjati / držati na razdalji"
"Keep body and soul together","earn sufficient money in order to keep yourself alive",en,,,"Zaslužiti dovolj za osnovno preživetje"
"Keep your chin up","remain positive in a tough situation",en,,,"Ostati pozitiven v težki situaciji"
"Kick the bucket","die",en,,,"Umreti"
"Kill two birds with one stone","accomplish two things with a single action",en,,,"Opraviti dve stvari z enim dejanjem"
"Knee jerk reaction","a quick and automatic response",en,,,"Samodejna in hitra reakcija"
"Knee trembler","sexual intercourse between two people standing up",en,,,"Spolni odnos med osebama stoje"
"Knock on wood","knuckle tapping on wood in order to avoid bad luck or to continue having good luck",en,,,"Trkanje po lesu za odganjanje nesreče"
"Know the ropes","to understand how to do something",en,,,"Poznati postopek / vedeti kako nekaj deluje"
"Lame duck","a person or thing that is no longer properly able to function - also - more specifically - a person in authority - for example a president or prime minister - in their final period of office after a successor has already been elected",en,,,"Oseba ali institucija brez prave moči (ob koncu mandata)"
"Last but not least","an introduction - intended to let the audience know that the last person mentioned is not the least important",en,,,"Zadnji a ne najmanj pomemben"
"Last straw","the last of a series of problems - which pushes one's endurance beyond its limits",en,,,"Zadnja kaplja čez rob"
"Lend me your ear","politely ask for someones full attention",en,,,"Prosim za vašo pozornost"
"Let bygones be bygones","allow a disagreement or argument to be put in the past",en,,,"Naj preteklost ostane v preteklosti / odpustiti in pozabiti"
"Let sleeping dogs lie","avoid restarting a conflict",en,,,"Ne odpiraj starih sporov"
"Let the cat out of the bag","share a secret that wasn't intended to be shared",en,,,"Razkriti skrivnost"
"Let your hair down","behave in a free an uninhibited manner - usually applied to women",en,,,"Sprostiti se / obnašati se sproščeno"
"Let's rewind","a suggestion that the thing under consideration has gone along unproductive lines and should be looked at again from the beginning",en,,,"Ponovno pregledati zadevo od začetka"
"Level playing field","fair competition where no side has an advantage",en,,,"Poštene in enake možnosti"
"Like a chicken with its head cut off","in a frenzied manner",en,,,"V paniki / brezglavo"
"Link rot","the tendency of www addresses to become out of date and point to unavailable pages",en,,,"Neaktivne ali nedelujoče spletne povezave"
"Link farm","a website that exists primarily to display links to another website - with the intention of improving the search status of the second site",en,,,"Spletna stran z množico povezav za manipulacijo iskalnikov"
"Liquor someone up","to supply or to drink alcoholic drink",en,,,"Napiti nekoga / piti alkohol"
"Little devil","an exclamation of surprise and annoyance - directed at someone who has behaved badly or performed some kind of prank - often applied to children",en,,,"Nagajivec / izraz presenečenja ali očitka"
"Little fish in a big pond","someone considered unimportant compared to their more significant peers",en,,,"Neizstopajoča oseba med bolj vplivnimi"
"Loaf of bread","cockney rhyming slang for head",en,,,"Cockney rima za \"head\""
"Long in the tooth","old",en,,,"Star"
"Loose cannon","someone who is unpredictable and can cause damage by being reckless",en,,,"Nepredvidljiva oseba"
"Lord Fred","cockney rhyming slang for bed",en,,,"Cockney rima za \"bed\""
"Lose your head","overcome by emotion and out of control",en,,,"Izgubiti nadzor nad sabo"
"Lose your touch","lose an ability that you used to possess",en,,,"Izgubiti nekdanjo spretnost"
"Magic mushroom","a type of mushroom with hallucinogenic properties - sometimes known as 'shrooms'",en,,,"Halucinogena goba"
"Make a scene","cause a disturbance",en,,,"Povzročiti razburjenje ali glasen incident"
"Make no bones about","to state a fact so there are no doubts about it",en,,,"Jasno in brez zadržkov povedati resnico"
"Man cave","a shed or some other retreat that men decorate in the way they choose and use to relax in traditional male pursuits",en,,,"Moški prostor za sprostitev"
"Many happy returns","a toast given to someone on their birthday",en,,,"Vse najboljše / zdravico za rojstni dan"
"Mate's rates","a discount price offered to friends",en,,,"Prijateljski popust"
"Mea culpa","i'm to blame",en,,,"Jaz sem kriv / moja napaka"
"Mellow yellow","dried banana peel - used as an intoxicant",en,,,"Posušena bananina lupina kot opojna snov"
"Men in suits","conventionally minded and dressed men who hold positions of authority - also called just 'suits'",en,,,"Ljudje na položajih oblasti pogosto birokratsko naravnani"
"Method to my madness","odd actions that appear meaningless but are done for a good reason",en,,,"Za navidezno nenavadnim ravnanjem je logika"
"Mince pies","cockney rhyming slang for eyes",en,,,"Cockney rima za \"eyes\""
"Mind your language","an admonition not to swear",en,,,"Pazi na jezik"
"Miss the boat","missed the chance to take an opportunity",en,,,"Zamuditi priložnost"
"Mrs. Mop","traditional english name for a cleaning woman",en,,,"Tradicionalno ime za čistilko"
"Mumbo jumbo","nonsense or meaningless speech",en,,,"Nesmiselno govorjenje"
"Mum's the word","keep quiet - say nothing",en,,,"O tem ne govorimo / molčati"
"Mutt and Jeff","cockney rhyming slang for deaf",en,,,"Cockney rima za \"deaf\""
"My old Dutch","cockney rhyming slang for duchess",en,,,"Cockney rima za \"duchess\""
"Nail it","to perform something particularly well",en,,,"Opraviti nekaj zelo dobro / popolno izvesti"
"Nest egg","savings set aside for future use",en,,,"Prihranki za prihodnost"
"Never-never land","a utopian dreamland",en,,,"Namišljena idealna dežela"
"New arrival","colloquial term for a new-born baby",en,,,"Novorojenček"
"New kid on the block","someone new to the group or area",en,,,"Nova oseba v skupini ali okolju"
"New York minute","a short space of time",en,,,"Zelo kratki trenutek"
"Nine to five","a standard office day - between 9am and 5pm - often used to denote the boring nature of the weekly working routine",en,,,"Običajen delovni čas / rutinsko delo"
"Nip slip","the inadvertent exposure of a womans nipple",en,,,"Nenamerno razkritje bradavice"
"Nitty-gritty","the important aspects of a situation - the heart of the matter",en,,,"Bistvo zadeve"
"No dice","a refusal to accept a proposition",en,,,"Odklonitev / zavrnitev"
"No room to swing a cat","an awkward or confined space",en,,,"Zelo majhen ali utesnjen prostor"
"No rush","said to someone to indicate that you aren't in a hurry for them to complete their task",en,,,"Ni se treba mudi"
"No saint","someone who might claim to be of good behaviour but has in fact a sordid past",en,,,"Oseba ki ni brez napak / ima temno preteklost"
"No spring chicken","said of people who are no longer young but may behave as though they were",en,,,"Ni več mlad / že v letih"
"Nose around","investigate in an off-hand manner",en,,,"Radovedno preiskovati / vohljati"
"North and south","cockney rhyming slang for mouth",en,,,"Cockney rima za \"mouth\""
"Not all there","not in possession of one's mental faculties",en,,,"Ni povsem priseben"
"Not playing with a full deck","someone who lacks intelligence",en,,,"Oseba ki ni zelo pametna"
"Off one's rocker","crazy - out of one's mind",en,,,"Nor / duševno nestabilen"
"Off the hook","no longer having to deal with something",en,,,"Osvobojen obveznosti / več ni odgovoren"
"Off the record","something said in confidence that the one speaking doesn't want repeated",en,,,"Neuradno / zaupno"
"Old chestnut","a story that has been told repeatedly and which has lost any originality",en,,,"Ponavljajoča se obrabljena zgodba"
"On a hiding to nothing","faced with a hopeless situation - even after making one's best efforts",en,,,"V brezizhodni situaciji"
"On a wing and a prayer","in a difficult situation and reliant on luck to get out of it",en,,,"Preživeti z upanjem in srečo"
"On cloud nine","blissfully happy",en,,,"Zelo srečen / na vrhu sreče"
"On the ball","with a good understanding of a situation and a readiness to act",en,,,"Pozoren in pripravljen ukrepati"
"On the fence","unwilling to give one's view about which side you support",en,,,"Neodločen"
"On the record","something said in confidence that the one speaking is happy to have repeated",en,,,"Uradno / za javnost"
"On the same page","several people agreeing",en,,,"Več ljudi se strinja"
"On your Tod","cockney rhyming slang for alone",en,,,"Cockney rima za \"alone\""
"Once in a blue moon","a rare occurrence",en,,,"Zelo redko / izjemno redko"
"Open warfare","engaged in active fighting or dispute",en,,,"Aktivni oborožen spopad ali odprt spor"
"Out of sight","still used with its literal meaning of 'beyond the range of sight' but more commonly used in its hippie-era meaning of 'excellent - extraordinary'",en,,,"Izven vidnega polja / odlično (pogovorno)"
"Out of the blue","suddenly and unexpectedly",en,,,"Nenadoma in nepričakovano"
"Out on the town","out enjoying oneself",en,,,"Na zabavi / v mestu ob zabavi"
"Over my dead body","said when you absolutely refuse to allow something to happen",en,,,"Nikoli / samo čez mene"
"Over the top","excessive",en,,,"Pretirano"
"Paint the town red","go on a boisterous or exuberant spree",en,,,"Zabavati se na glas in brez zadržkov"
"Partner up","find a companion",en,,,"Združiti se v par / najti partnerja"
"Pass the buck","avoid responsibility by giving it to someone else",en,,,"Preložiti odgovornost na drugega"
"Pedal to the metal","to go at full speed - when driving a vehicle",en,,,"Poln plin / voziti z največjo hitrostjo"
"Peachy keen","excellent - wonderful",en,,,"Odlično / super"
"Peeping Tom","someone who covertly observes sexually active or naked people",en,,,"Oseba ki skrivaj opazuje druge (voajer)"
"Peg out","to die - especially to die of old age - to complete a circuit of the board in the card game cribbage",en,,,"Umreti / zaključiti krog (igralni izraz)"
"Pen and ink","cockney rhyming slang for stink",en,,,"Cockney rima za \"stink\""
"Perfect pitch","the ability to determine a musical note by ear",en,,,"Popolna glasbena percepcija / prepoznavanje tona po sluhu"
"Phone it in","perform an act in an uncommitted disinterested manner",en,,,"Opraviti nekaj brez truda ali zavzetosti"
"Photo bomb","spoil a photograph by unexpectedly appearing in the picture and taking the attention away from the intended subject - usually as a prank",en,,,"Nenadno vstopiti v fotografijo in jo pokvariti"
"Pig out","to overeat in a slovenly manner",en,,,"Prenajesti se"
"Pig's ear","cockney rhyming slang for beer",en,,,"Cockney rima za \"beer\""
"Pigs might fly","said when referring to something that is highly unlikely",en,,,"Ko se nekaj zelo malo verjetnega zgodi / izraz dvoma"